start,problem_size,bound,optimal_cost,cost,states generated,algorithm,pred_KRE,pred_CDP
"(9, 8, 7, 2, 1, 10, 12, 4, 5, 6, 3, 11)",12,0,8,8,3982,IDA*,24.18271128948212,5295.413133843394
"(2, 4, 3, 8, 9, 5, 6, 7, 12, 10, 11, 1)",12,0,8,8,2637,IDA*,24.18271128948212,5295.413133843394
"(9, 1, 3, 4, 10, 11, 8, 7, 5, 2, 6, 12)",12,0,8,8,143,IDA*,24.18271128948212,124.46786500132606
"(4, 7, 8, 5, 2, 1, 12, 11, 6, 9, 10, 3)",12,0,9,9,3604,IDA*,266.5820306236973,8275.520430790804
"(8, 4, 5, 10, 1, 2, 9, 11, 12, 7, 6, 3)",12,0,9,9,6515,IDA*,266.5820306236973,8275.520430790804
"(12, 5, 10, 6, 7, 8, 2, 1, 9, 3, 4, 11)",12,0,9,9,4225,IDA*,266.5820306236973,8275.520430790804
"(10, 7, 9, 8, 12, 11, 6, 2, 3, 1, 4, 5)",12,0,9,9,3471,IDA*,266.5820306236973,8275.520430790804
"(6, 3, 2, 5, 4, 8, 1, 7, 12, 11, 9, 10)",12,0,9,9,3471,IDA*,266.5820306236973,8275.520430790804
"(9, 2, 1, 6, 7, 10, 8, 5, 4, 12, 11, 3)",12,0,9,9,7408,IDA*,266.5820306236973,8275.520430790804
"(8, 9, 3, 5, 2, 6, 7, 12, 11, 1, 10, 4)",12,0,10,10,3640,IDA*,2933.2698878250094,12371.6491365566
"(10, 5, 6, 9, 1, 11, 3, 2, 12, 4, 7, 8)",12,0,10,10,3212,IDA*,2933.2698878250094,12371.6491365566
"(6, 1, 2, 10, 8, 12, 11, 4, 5, 9, 3, 7)",12,0,10,10,11915,IDA*,2933.2698878250094,12371.6491365566
"(10, 8, 11, 7, 12, 2, 1, 5, 6, 9, 3, 4)",12,0,10,10,7597,IDA*,2933.2698878250094,12371.6491365566
"(5, 7, 6, 8, 10, 12, 9, 1, 11, 4, 3, 2)",12,0,10,10,1936,IDA*,2933.2698878250094,12371.6491365566
"(2, 1, 8, 5, 10, 9, 3, 11, 4, 7, 12, 6)",12,0,10,10,1590,IDA*,2933.2698878250094,1613.986117391292
"(12, 11, 7, 9, 4, 10, 8, 2, 3, 5, 6, 1)",12,0,10,10,12413,IDA*,2933.2698878250094,12371.6491365566
"(3, 1, 8, 6, 12, 5, 9, 10, 11, 2, 4, 7)",12,0,10,10,3981,IDA*,2933.2698878250094,1613.986117391292
"(8, 1, 3, 5, 7, 10, 6, 9, 4, 2, 11, 12)",12,0,10,10,364,IDA*,2933.2698878250094,213.86395278651528
"(5, 1, 3, 4, 8, 9, 12, 11, 6, 2, 7, 10)",12,0,10,10,8621,IDA*,2933.2698878250094,12371.6491365566
"(4, 5, 9, 10, 12, 6, 3, 1, 11, 8, 2, 7)",12,0,10,10,1035,IDA*,2933.2698878250094,1613.986117391292
"(10, 12, 8, 11, 2, 7, 3, 9, 6, 5, 4, 1)",12,0,10,10,4385,IDA*,2933.2698878250094,1613.986117391292
"(6, 2, 4, 9, 10, 11, 5, 12, 7, 1, 8, 3)",12,0,10,10,5013,IDA*,2933.2698878250094,1613.986117391292
"(8, 4, 5, 11, 10, 3, 12, 1, 6, 9, 7, 2)",12,0,10,10,1886,IDA*,2933.2698878250094,1613.986117391292
"(3, 2, 7, 12, 1, 6, 5, 4, 11, 8, 10, 9)",12,0,10,10,12146,IDA*,2933.2698878250094,91086.88163551554
"(12, 8, 10, 2, 9, 7, 6, 3, 1, 4, 5, 11)",12,0,10,10,4573,IDA*,2933.2698878250094,1613.986117391292
"(10, 4, 1, 7, 5, 11, 8, 9, 2, 3, 12, 6)",12,0,11,11,9890,IDA*,32266.968766075104,17830.247994895173
"(10, 1, 2, 9, 11, 8, 12, 4, 6, 7, 3, 5)",12,0,11,11,16687,IDA*,32266.968766075104,17830.247994895173
"(5, 1, 11, 4, 9, 3, 12, 6, 10, 2, 8, 7)",12,0,11,11,2165,IDA*,32266.968766075104,2258.4388651143754
"(2, 4, 8, 10, 12, 7, 6, 1, 3, 5, 11, 9)",12,0,11,11,6601,IDA*,32266.968766075104,2258.4388651143754
"(8, 5, 10, 11, 4, 6, 2, 9, 3, 1, 7, 12)",12,0,11,11,541,IDA*,32266.968766075104,2258.4388651143754
"(12, 1, 4, 2, 6, 10, 11, 9, 7, 8, 3, 5)",12,0,11,11,25637,IDA*,32266.968766075104,17830.247994895173
"(9, 5, 3, 6, 7, 4, 12, 2, 8, 1, 11, 10)",12,0,11,11,47717,IDA*,32266.968766075104,17830.247994895173
"(2, 3, 8, 6, 11, 10, 4, 9, 12, 5, 7, 1)",12,0,11,11,13201,IDA*,32266.968766075104,17830.247994895173
"(7, 6, 10, 5, 9, 12, 8, 1, 3, 2, 11, 4)",12,0,11,11,4443,IDA*,32266.968766075104,17830.247994895173
"(6, 3, 11, 1, 12, 4, 2, 5, 9, 10, 8, 7)",12,0,11,11,10732,IDA*,32266.968766075104,17830.247994895173
"(5, 6, 3, 9, 12, 7, 10, 1, 8, 2, 4, 11)",12,0,11,11,3949,IDA*,32266.968766075104,2258.4388651143754
"(6, 9, 5, 8, 11, 10, 1, 12, 3, 4, 2, 7)",12,0,11,11,3449,IDA*,32266.968766075104,17830.247994895173
"(8, 5, 9, 10, 3, 7, 4, 12, 2, 11, 1, 6)",12,0,11,11,8024,IDA*,32266.968766075104,2258.4388651143754
"(1, 2, 9, 4, 12, 5, 10, 3, 7, 6, 11, 8)",12,0,11,11,20658,IDA*,32266.968766075104,17830.247994895173
"(2, 10, 7, 12, 3, 8, 1, 5, 6, 9, 11, 4)",12,0,11,11,3052,IDA*,32266.968766075104,2258.4388651143754
"(10, 5, 3, 9, 8, 1, 11, 7, 4, 6, 2, 12)",12,0,11,11,1159,IDA*,32266.968766075104,2258.4388651143754
"(12, 10, 5, 11, 1, 4, 7, 2, 6, 8, 9, 3)",12,0,11,11,1412,IDA*,32266.968766075104,2258.4388651143754
"(11, 5, 7, 9, 10, 6, 2, 8, 12, 3, 4, 1)",12,0,11,11,34054,IDA*,32266.968766075104,17830.247994895173
"(8, 2, 7, 3, 1, 5, 10, 6, 4, 9, 11, 12)",12,0,11,11,554,IDA*,32266.968766075104,2258.4388651143754
"(3, 6, 10, 8, 5, 7, 1, 11, 12, 9, 4, 2)",12,0,11,11,6911,IDA*,32266.968766075104,2258.4388651143754
"(8, 4, 5, 11, 1, 12, 10, 6, 3, 2, 9, 7)",12,0,11,11,15547,IDA*,32266.968766075104,17830.247994895173
"(3, 12, 6, 11, 7, 10, 9, 5, 4, 1, 8, 2)",12,0,11,11,6719,IDA*,32266.968766075104,17830.247994895173
"(11, 3, 4, 8, 9, 12, 6, 2, 7, 1, 5, 10)",12,0,11,11,17321,IDA*,32266.968766075104,17830.247994895173
"(8, 11, 9, 12, 2, 7, 1, 10, 4, 3, 6, 5)",12,0,11,11,14845,IDA*,32266.968766075104,17830.247994895173
"(5, 12, 1, 6, 9, 8, 2, 11, 4, 10, 3, 7)",12,0,11,11,1798,IDA*,32266.968766075104,2258.4388651143754
"(12, 7, 11, 3, 8, 2, 10, 1, 4, 6, 5, 9)",12,0,11,11,958,IDA*,32266.968766075104,2258.4388651143754
"(6, 11, 3, 7, 12, 4, 2, 5, 10, 8, 9, 1)",12,0,11,11,7094,IDA*,32266.968766075104,2258.4388651143754
"(6, 9, 8, 11, 1, 3, 2, 10, 4, 7, 12, 5)",12,0,11,11,19880,IDA*,32266.968766075104,17830.247994895173
"(6, 10, 5, 2, 8, 1, 7, 3, 9, 12, 11, 4)",12,0,11,11,3764,IDA*,32266.968766075104,2258.4388651143754
"(10, 8, 12, 1, 9, 6, 11, 2, 3, 7, 5, 4)",12,0,11,11,10658,IDA*,32266.968766075104,17830.247994895173
"(9, 10, 7, 4, 5, 2, 8, 12, 1, 6, 11, 3)",12,0,11,11,6132,IDA*,32266.968766075104,17830.247994895173
"(6, 8, 10, 12, 9, 4, 3, 1, 11, 5, 7, 2)",12,0,11,11,2480,IDA*,32266.968766075104,2258.4388651143754
"(9, 4, 7, 12, 6, 8, 5, 2, 10, 3, 1, 11)",12,0,12,12,2927,IDA*,354937.6564268261,3078.6337289396033
"(12, 3, 6, 11, 5, 8, 1, 4, 10, 7, 9, 2)",12,0,12,12,10002,IDA*,354937.6564268261,3078.6337289396033
"(2, 11, 3, 10, 7, 12, 4, 8, 6, 1, 9, 5)",12,0,12,12,1721,IDA*,354937.6564268261,3078.6337289396033
"(5, 6, 12, 7, 1, 11, 2, 9, 4, 10, 3, 8)",12,0,12,12,23177,IDA*,354937.6564268261,24934.734805521053
"(1, 6, 9, 3, 8, 2, 11, 12, 10, 4, 7, 5)",12,0,12,12,19296,IDA*,354937.6564268261,24934.734805521053
"(4, 12, 2, 10, 8, 9, 6, 11, 3, 1, 7, 5)",12,0,12,12,50725,IDA*,354937.6564268261,24934.734805521053
"(6, 2, 5, 1, 7, 3, 12, 9, 4, 10, 8, 11)",12,0,12,12,1685,IDA*,354937.6564268261,3078.6337289396033
"(2, 6, 11, 12, 7, 1, 8, 3, 9, 4, 10, 5)",12,0,12,12,10215,IDA*,354937.6564268261,24934.734805521053
"(12, 6, 2, 10, 7, 4, 11, 3, 5, 9, 1, 8)",12,0,12,12,12746,IDA*,354937.6564268261,3078.6337289396033
"(2, 6, 12, 8, 10, 3, 1, 4, 11, 9, 5, 7)",12,0,12,12,14779,IDA*,354937.6564268261,3078.6337289396033
"(5, 10, 2, 7, 11, 1, 12, 4, 9, 3, 8, 6)",12,0,12,12,9636,IDA*,354937.6564268261,3078.6337289396033
"(5, 1, 6, 12, 4, 10, 3, 8, 7, 11, 2, 9)",12,0,12,12,28612,IDA*,354937.6564268261,24934.734805521053
"(8, 3, 6, 11, 7, 10, 12, 9, 5, 2, 1, 4)",12,0,12,12,23539,IDA*,354937.6564268261,24934.734805521053
"(4, 6, 9, 3, 10, 7, 1, 5, 11, 8, 2, 12)",12,0,12,12,658,IDA*,354937.6564268261,3078.6337289396033
"(8, 2, 6, 4, 12, 1, 7, 3, 10, 11, 9, 5)",12,0,12,12,32533,IDA*,354937.6564268261,24934.734805521053
"(1, 9, 11, 2, 12, 7, 5, 4, 6, 8, 10, 3)",12,0,12,12,20961,IDA*,354937.6564268261,24934.734805521053
"(3, 6, 12, 8, 5, 9, 2, 11, 10, 4, 1, 7)",12,0,12,12,23175,IDA*,354937.6564268261,24934.734805521053
"(7, 5, 11, 1, 10, 3, 12, 2, 4, 6, 9, 8)",12,0,12,12,26256,IDA*,354937.6564268261,24934.734805521053
"(2, 6, 10, 7, 9, 3, 5, 8, 11, 1, 12, 4)",12,0,12,12,3943,IDA*,354937.6564268261,3078.6337289396033
"(4, 9, 1, 2, 5, 12, 8, 11, 7, 3, 10, 6)",12,0,12,12,14346,IDA*,354937.6564268261,24934.734805521053
"(2, 9, 1, 7, 5, 11, 4, 3, 6, 10, 12, 8)",12,0,12,12,28586,IDA*,354937.6564268261,24934.734805521053
"(1, 9, 6, 8, 3, 7, 10, 12, 5, 11, 2, 4)",12,0,12,12,14571,IDA*,354937.6564268261,3078.6337289396033
"(12, 6, 10, 3, 8, 2, 7, 1, 5, 9, 4, 11)",12,0,12,12,15467,IDA*,354937.6564268261,3078.6337289396033
"(12, 2, 11, 1, 5, 7, 9, 4, 10, 8, 6, 3)",12,0,12,12,12168,IDA*,354937.6564268261,3078.6337289396033
"(7, 10, 8, 6, 4, 12, 9, 11, 3, 1, 2, 5)",12,0,12,12,25629,IDA*,354937.6564268261,24934.734805521053
"(2, 11, 6, 3, 1, 8, 7, 9, 5, 4, 12, 10)",12,0,12,12,68135,IDA*,354937.6564268261,196216.98325685505
"(12, 10, 5, 6, 3, 8, 1, 11, 2, 7, 4, 9)",12,0,12,12,11336,IDA*,354937.6564268261,24934.734805521053
"(1, 10, 9, 5, 12, 3, 11, 7, 2, 4, 8, 6)",12,0,12,12,79535,IDA*,354937.6564268261,24934.734805521053
"(5, 8, 10, 4, 11, 7, 9, 2, 6, 12, 1, 3)",12,0,12,12,4584,IDA*,354937.6564268261,3078.6337289396033
"(10, 8, 6, 4, 1, 12, 7, 5, 11, 3, 9, 2)",12,0,12,12,6596,IDA*,354937.6564268261,3078.6337289396033
"(8, 4, 6, 10, 1, 5, 3, 9, 12, 2, 7, 11)",12,0,12,12,5612,IDA*,354937.6564268261,3078.6337289396033
"(5, 8, 10, 12, 3, 2, 11, 7, 1, 6, 4, 9)",12,0,12,12,27817,IDA*,354937.6564268261,24934.734805521053
"(12, 5, 6, 4, 1, 9, 2, 8, 10, 7, 3, 11)",12,0,12,12,21451,IDA*,354937.6564268261,24934.734805521053
"(4, 9, 3, 11, 5, 1, 8, 7, 2, 12, 10, 6)",12,0,12,12,25417,IDA*,354937.6564268261,24934.734805521053
"(11, 2, 8, 1, 9, 4, 3, 5, 7, 12, 6, 10)",12,0,12,12,31221,IDA*,354937.6564268261,24934.734805521053
"(1, 5, 10, 3, 2, 12, 6, 8, 11, 4, 7, 9)",12,0,12,12,62247,IDA*,354937.6564268261,24934.734805521053
"(7, 3, 9, 1, 11, 4, 6, 5, 2, 10, 12, 8)",12,0,12,12,11065,IDA*,354937.6564268261,24934.734805521053
"(9, 1, 4, 6, 8, 12, 7, 2, 11, 5, 10, 3)",12,0,13,13,63865,IDA*,3904314.220695087,33973.94703445012
"(1, 7, 5, 2, 11, 6, 8, 12, 3, 10, 4, 9)",12,0,13,13,52670,IDA*,3904314.220695087,33973.94703445012
"(3, 1, 10, 7, 12, 8, 5, 2, 4, 6, 11, 9)",12,0,13,13,52266,IDA*,3904314.220695087,33973.94703445012
"(12, 9, 7, 2, 10, 4, 11, 8, 5, 3, 6, 1)",12,0,13,13,33687,IDA*,3904314.220695087,33973.94703445012
"(5, 12, 3, 1, 10, 6, 11, 9, 7, 2, 8, 4)",12,0,13,13,46319,IDA*,3904314.220695087,33973.94703445012
